timestamp_ms,accel_x_mps2,accel_y_mps2,accel_z_mps2,gyro_x,gyro_y,gyro_z
28129445,-9.816226806640625,-0.1149216796875,0.229843359375,152,-76,10
28129455,-9.86411083984375,-0.028730419921875,0.201112939453125,152,-75,11
28129465,-9.787496386718749,-0.06703764648437499,0.2059013427734375,152,-75,11
28129475,-9.82580361328125,-0.06703764648437499,0.239420166015625,153,-75,11
28129485,-9.811438403320311,-0.06703764648437499,0.229843359375,152,-75,11
28129495,-9.82580361328125,-0.062249243164062495,0.17238251953125,153,-75,11
28129505,-9.787496386718749,-0.1005564697265625,0.26815058593749996,153,-75,11
28129515,-9.840168823242188,-0.047884033203124995,0.181959326171875,153,-76,10
28129525,-9.811438403320311,-0.0718260498046875,0.2154781494140625,153,-75,10
28129535,-9.82580361328125,-0.086191259765625,0.2537853759765625,153,-76,11
28129545,-9.797073193359374,-0.0383072265625,0.24899697265624998,152,-75,11
28129555,-9.8449572265625,-0.05746083984375,0.1771709228515625,153,-75,10
28129565,-9.8449572265625,-0.0909796630859375,0.2442085693359375,153,-75,10
28129575,-9.730035546875,-0.0909796630859375,0.2059013427734375,153,-75,11
28129585,-9.80665,-0.08140285644531249,0.258573779296875,153,-75,10
28129595,-9.849745629882811,-0.105344873046875,0.201112939453125,153,-76,10
28129605,-9.797073193359374,-0.062249243164062495,0.1580173095703125,152,-76,11
28129615,-9.82580361328125,-0.062249243164062495,0.2537853759765625,153,-75,11
28129625,-9.816226806640625,-0.05746083984375,0.2346317626953125,153,-75,10
28129635,-9.811438403320311,-0.06703764648437499,0.2346317626953125,152,-75,10
28129645,-9.734823950195311,-0.076614453125,0.2442085693359375,153,-75,10
28129655,-9.80665,-0.086191259765625,0.1867477294921875,153,-75,11
28129665,-9.86411083984375,-0.0383072265625,0.1484405029296875,152,-75,11
28129675,-9.801861596679688,-0.1149216796875,0.201112939453125,153,-76,10
28129685,-9.816226806640625,-0.023942016601562498,0.17238251953125,153,-76,10
28129695,-9.86411083984375,-0.0909796630859375,0.24899697265624998,152,-75,0
28130434,-9.830592016601562,-0.06703764648437499,0.22505495605468748,153,-74,10
28130444,-9.787496386718749,-0.06703764648437499,0.2059013427734375,152,-75,11
28130454,-9.849745629882811,-0.076614453125,0.2442085693359375,153,-75,11
28130464,-9.86411083984375,-0.047884033203124995,0.2059013427734375,153,-75,10
28130474,-9.763554370117188,-0.047884033203124995,0.26815058593749996,153,-75,10
28130484,-9.80665,-0.08140285644531249,0.2537853759765625,152,-75,10
28130494,-9.859322436523437,-0.086191259765625,0.2154781494140625,152,-75,10
28130504,-9.787496386718749,-0.062249243164062495,0.239420166015625,152,-76,10
28130514,-9.811438403320311,-0.0718260498046875,0.21068974609375,153,-75,10
28130524,-9.821015209960937,-0.0383072265625,0.1867477294921875,152,-75,10
28130534,-9.873687646484374,-0.1149216796875,0.181959326171875,153,-75,10
28130544,-9.80665,-0.0909796630859375,0.229843359375,152,-75,11
28130554,-9.835380419921874,-0.033518823242187495,0.1867477294921875,153,-75,12
28130564,-9.811438403320311,-0.0718260498046875,0.2442085693359375,152,-75,11
28130574,-9.80665,-0.1149216796875,0.1867477294921875,153,-75,11
28130584,-9.80665,-0.033518823242187495,0.201112939453125,153,-75,10
28130594,-9.821015209960937,-0.105344873046875,0.21068974609375,153,-75,10
28130604,-9.811438403320311,-0.11013327636718749,0.1771709228515625,153,-74,10
28130614,-9.80665,-0.1005564697265625,0.201112939453125,153,-75,10
28130624,-9.840168823242188,-0.0718260498046875,0.2154781494140625,153,-75,10
28130634,-9.816226806640625,-0.08140285644531249,0.3016694091796875,153,-75,10
28130644,-9.816226806640625,-0.05746083984375,0.19632453613281248,153,-75,10
28130654,-9.816226806640625,-0.028730419921875,0.19632453613281248,153,-75,10
28130664,-9.792284790039062,-0.08140285644531249,0.19632453613281248,153,-75,10
28130674,-9.82580361328125,-0.11013327636718749,0.26336218261718747,153,-75,10
28130684,-9.758765966796874,-0.08140285644531249,0.16759411621093748,152,-75,0
28130682,-9.758765966796874,-0.086191259765625,0.17238251953125,152,-76,10
28130692,-9.811438403320311,-0.1005564697265625,0.24899697265624998,153,-75,11
28130702,-9.854534033203125,-0.05746083984375,0.19153613281249998,153,-75,10
28130712,-9.801861596679688,-0.0430956298828125,0.16280571289062498,153,-74,10
28130722,-9.782707983398437,-0.0718260498046875,0.19632453613281248,152,-75,11
28130732,-9.868899243164062,-0.09576806640624999,0.201112939453125,152,-75,11
28130742,-9.8449572265625,-0.06703764648437499,0.24899697265624998,153,-75,11
28130752,-9.8449572265625,-0.062249243164062495,0.1580173095703125,153,-75,10
28130762,-9.840168823242188,-0.1005564697265625,0.181959326171875,152,-74,10
28130772,-9.801861596679688,-0.11013327636718749,0.229843359375,152,-75,10
28130782,-9.7683427734375,-0.0718260498046875,0.22026655273437498,153,-74,10
28130792,-9.821015209960937,-0.08140285644531249,0.201112939453125,153,-75,10
28130802,-9.80665,-0.05746083984375,0.24899697265624998,153,-75,10
28130812,-9.859322436523437,-0.08140285644531249,0.19632453613281248,153,-76,11
28130822,-9.749189160156249,-0.11013327636718749,0.19632453613281248,154,-75,11
28130832,-9.797073193359374,-0.09576806640624999,0.2537853759765625,153,-76,12
28130842,-9.849745629882811,-0.08140285644531249,0.2154781494140625,153,-75,10
28130852,-9.801861596679688,-0.0909796630859375,0.19153613281249998,153,-75,10
28130862,-9.821015209960937,-0.1149216796875,0.2537853759765625,152,-74,11
28130872,-9.849745629882811,-0.0383072265625,0.1867477294921875,153,-75,10
28130882,-9.801861596679688,-0.023942016601562498,0.239420166015625,153,-75,10
28130892,-9.830592016601562,-0.0526724365234375,0.22505495605468748,153,-74,10
28130902,-9.821015209960937,-0.06703764648437499,0.2442085693359375,153,-75,9
28130912,-9.816226806640625,-0.047884033203124995,0.19632453613281248,153,-75,10
28130922,-9.821015209960937,-0.0526724365234375,0.22026655273437498,153,-75,11
28130932,-9.82580361328125,-0.01915361328125,0.1867477294921875,152,-74,0
28130929,-9.82580361328125,-0.023942016601562498,0.1867477294921875,153,-75,10
28130939,-9.811438403320311,-0.06703764648437499,0.201112939453125,152,-75,11
28130949,-9.811438403320311,-0.1388636962890625,0.22026655273437498,152,-75,11
28130959,-9.777919580078125,-0.033518823242187495,0.2537853759765625,152,-75,10
28130969,-9.80665,-0.076614453125,0.21068974609375,153,-75,10
28130979,-9.830592016601562,-0.1005564697265625,0.19632453613281248,152,-75,10
28130989,-9.782707983398437,-0.086191259765625,0.21068974609375,152,-75,11
28130999,-9.801861596679688,-0.0383072265625,0.22026655273437498,153,-75,10
28131009,-9.849745629882811,-0.0909796630859375,0.26815058593749996,152,-74,10
28131019,-9.835380419921874,-0.0047884033203125,0.1867477294921875,152,-75,11
28131029,-9.80665,-0.0718260498046875,0.19632453613281248,153,-75,10
28131039,-9.849745629882811,-0.0430956298828125,0.2154781494140625,152,-75,10
28131049,-9.821015209960937,-0.12449848632812499,0.2442085693359375,153,-74,10
28131059,-9.797073193359374,-0.0909796630859375,0.22026655273437498,153,-75,10
28131069,-9.80665,-0.0430956298828125,0.2059013427734375,153,-75,11
28131079,-9.797073193359374,-0.1197100830078125,0.19632453613281248,153,-74,10
28131089,-9.830592016601562,-0.086191259765625,0.19153613281249998,153,-74,11
28131099,-9.782707983398437,-0.06703764648437499,0.19632453613281248,152,-75,11
28131109,-9.830592016601562,-0.047884033203124995,0.2442085693359375,153,-75,11
28131119,-9.82580361328125,-0.06703764648437499,0.16759411621093748,153,-76,10
28131129,-9.7683427734375,-0.105344873046875,0.21068974609375,153,-75,10
28131139,-9.787496386718749,-0.0718260498046875,0.19153613281249998,153,-75,11
28131149,-9.835380419921874,-0.0909796630859375,0.26815058593749996,153,-75,11
28131159,-9.840168823242188,-0.0718260498046875,0.201112939453125,152,-75,11
28131169,-9.835380419921874,-0.1005564697265625,0.22505495605468748,153,-75,10
28131179,-9.80665,-0.0430956298828125,0.2346317626953125,152,-74,0
28131177,-9.80665,-0.047884033203124995,0.239420166015625,152,-75,11
28131187,-9.8449572265625,-0.1005564697265625,0.1867477294921875,153,-75,11
28131197,-9.811438403320311,-0.086191259765625,0.19632453613281248,152,-75,11
28131207,-9.840168823242188,-0.08140285644531249,0.24899697265624998,153,-75,11
28131217,-9.758765966796874,-0.076614453125,0.13407529296874998,153,-74,11
28131227,-9.7683427734375,-0.047884033203124995,0.2059013427734375,153,-75,10
28131237,-9.816226806640625,-0.086191259765625,0.181959326171875,153,-75,11
28131247,-9.821015209960937,-0.062249243164062495,0.2154781494140625,153,-75,10
28131257,-9.797073193359374,-0.076614453125,0.1867477294921875,153,-75,10
28131267,-9.777919580078125,-0.0383072265625,0.26336218261718747,153,-75,11
28131277,-9.854534033203125,-0.028730419921875,0.17238251953125,153,-75,10
28131287,-9.811438403320311,-0.05746083984375,0.19153613281249998,152,-75,10
28131297,-9.821015209960937,-0.12449848632812499,0.19632453613281248,153,-75,10
28131307,-9.801861596679688,-0.1292868896484375,0.1771709228515625,153,-75,10
28131317,-9.773131176757811,-0.086191259765625,0.2442085693359375,153,-75,11
28131327,-9.840168823242188,-0.09576806640624999,0.181959326171875,152,-75,11
28131337,-9.753977563476562,-0.0909796630859375,0.258573779296875,153,-76,10
28131347,-9.7683427734375,-0.0430956298828125,0.24899697265624998,153,-74,10
28131357,-9.849745629882811,-0.076614453125,0.21068974609375,153,-75,10
28131367,-9.835380419921874,-0.0909796630859375,0.17238251953125,153,-75,10
28131377,-9.811438403320311,-0.0430956298828125,0.19153613281249998,152,-75,10
28131387,-9.777919580078125,-0.1197100830078125,0.24899697265624998,153,-75,10
28131397,-9.854534033203125,-0.0383072265625,0.21068974609375,153,-75,10
28131407,-9.773131176757811,-0.11013327636718749,0.2537853759765625,153,-75,10
28131417,-9.821015209960937,-0.062249243164062495,0.19632453613281248,153,-74,10
28131427,-9.7683427734375,-0.09576806640624999,0.2059013427734375,153,-74,0
28131424,-9.7683427734375,-0.09576806640624999,0.2059013427734375,153,-74,10
28131434,-9.816226806640625,-0.105344873046875,0.181959326171875,153,-75,10
28131444,-9.792284790039062,-0.0383072265625,0.15322890625,152,-76,10
28131454,-9.816226806640625,-0.0909796630859375,0.2537853759765625,153,-75,10
28131464,-9.835380419921874,-0.062249243164062495,0.229843359375,152,-75,11
28131474,-9.801861596679688,-0.033518823242187495,0.24899697265624998,153,-74,10
28131484,-9.801861596679688,-0.08140285644531249,0.1867477294921875,153,-75,10
28131494,-9.830592016601562,-0.01915361328125,0.22026655273437498,153,-75,10
28131504,-9.859322436523437,-0.105344873046875,0.239420166015625,153,-75,10
28131514,-9.840168823242188,-0.076614453125,0.2346317626953125,153,-75,10
28131524,-9.835380419921874,-0.08140285644531249,0.181959326171875,153,-76,10
28131534,-9.849745629882811,-0.05746083984375,0.2346317626953125,153,-75,10
28131544,-9.80665,-0.047884033203124995,0.2059013427734375,152,-75,10
28131554,-9.801861596679688,-0.01915361328125,0.1771709228515625,153,-75,10
28131564,-9.854534033203125,-0.0430956298828125,0.239420166015625,153,-75,10
28131574,-9.835380419921874,-0.0430956298828125,0.22026655273437498,153,-75,10
28131584,-9.787496386718749,-0.076614453125,0.229843359375,153,-75,10
28131594,-9.80665,-0.0909796630859375,0.1484405029296875,153,-74,10
28131604,-9.821015209960937,-0.1292868896484375,0.2059013427734375,153,-75,10
28131614,-9.8449572265625,-0.047884033203124995,0.19153613281249998,153,-75,10
28131624,-9.787496386718749,-0.08140285644531249,0.17238251953125,152,-76,10
28131634,-9.821015209960937,-0.0718260498046875,0.229843359375,153,-75,10
28131644,-9.82580361328125,-0.105344873046875,0.21068974609375,153,-75,11
28131654,-9.8449572265625,-0.047884033203124995,0.2537853759765625,153,-75,10
28131664,-9.801861596679688,-0.0718260498046875,0.2154781494140625,153,-75,10
28131674,-9.859322436523437,-0.08140285644531249,0.24899697265624998,152,-74,0
28131672,-9.859322436523437,-0.08140285644531249,0.2537853759765625,152,-75,10
28131682,-9.811438403320311,-0.0430956298828125,0.229843359375,153,-75,10
28131692,-9.830592016601562,-0.047884033203124995,0.1484405029296875,153,-75,10
28131702,-9.80665,-0.0526724365234375,0.201112939453125,152,-75,10
28131712,-9.792284790039062,-0.047884033203124995,0.2059013427734375,152,-74,11
28131722,-9.758765966796874,-0.0909796630859375,0.16280571289062498,152,-75,10
28131732,-9.801861596679688,-0.076614453125,0.258573779296875,153,-75,10
28131742,-9.792284790039062,-0.1292868896484375,0.2346317626953125,153,-75,10
28131752,-9.821015209960937,-0.0718260498046875,0.2346317626953125,153,-75,10
28131762,-9.816226806640625,-0.0526724365234375,0.1771709228515625,152,-75,10
28131772,-9.792284790039062,-0.09576806640624999,0.201112939453125,153,-76,10
28131782,-9.892841259765625,-0.0526724365234375,0.239420166015625,153,-75,10
28131792,-9.835380419921874,-0.09576806640624999,0.22026655273437498,153,-75,11
28131802,-9.849745629882811,-0.062249243164062495,0.229843359375,153,-75,11
28131812,-9.753977563476562,-0.05746083984375,0.2537853759765625,152,-74,10
28131822,-9.715670336914062,-0.06703764648437499,0.1771709228515625,152,-75,11
28131832,-9.835380419921874,-0.08140285644531249,0.19153613281249998,153,-75,11
28131842,-9.849745629882811,-0.1292868896484375,0.2154781494140625,153,-75,10
28131852,-9.835380419921874,-0.08140285644531249,0.2059013427734375,152,-75,10
28131862,-9.811438403320311,-0.05746083984375,0.21068974609375,153,-74,10
28131872,-9.8449572265625,-0.0718260498046875,0.1388636962890625,153,-75,10
28131882,-9.80665,-0.0718260498046875,0.2346317626953125,152,-75,10
28131892,-9.782707983398437,-0.0909796630859375,0.2442085693359375,152,-75,11
28131902,-9.773131176757811,-0.1292868896484375,0.19632453613281248,153,-75,10
28131912,-9.8449572265625,-0.09576806640624999,0.2059013427734375,153,-75,10
28131922,-9.80665,-0.06703764648437499,0.26336218261718747,152,-74,0
28131919,-9.80665,-0.0718260498046875,0.26336218261718747,153,-75,11
28131929,-9.782707983398437,-0.023942016601562498,0.2059013427734375,153,-75,10
28131939,-9.787496386718749,-0.0430956298828125,0.27293898925781246,152,-75,10
28131949,-9.80665,-0.1149216796875,0.229843359375,153,-75,10
28131959,-9.753977563476562,-0.01915361328125,0.229843359375,153,-75,10
28131969,-9.782707983398437,-0.076614453125,0.277727392578125,153,-75,10
28131979,-9.821015209960937,-0.0718260498046875,0.22026655273437498,153,-74,10
28131989,-9.859322436523437,-0.062249243164062495,0.1484405029296875,152,-75,10
28131999,-9.80665,-0.1005564697265625,0.21068974609375,153,-76,11
28132009,-9.849745629882811,-0.0909796630859375,0.1771709228515625,152,-75,10
28132019,-9.849745629882811,-0.076614453125,0.22505495605468748,152,-76,11
28132029,-9.816226806640625,-0.0909796630859375,0.15322890625,153,-75,11
28132039,-9.835380419921874,-0.09576806640624999,0.21068974609375,153,-74,10
28132049,-9.859322436523437,-0.086191259765625,0.2154781494140625,152,-74,10
28132059,-9.816226806640625,-0.1005564697265625,0.19632453613281248,153,-75,11
28132069,-9.797073193359374,-0.0718260498046875,0.2537853759765625,153,-75,10
28132079,-9.816226806640625,-0.12449848632812499,0.26336218261718747,153,-75,10
28132089,-9.782707983398437,-0.0383072265625,0.201112939453125,153,-75,11
28132099,-9.816226806640625,-0.023942016601562498,0.2154781494140625,153,-75,10
28132109,-9.821015209960937,-0.0909796630859375,0.201112939453125,153,-76,10
28132119,-9.835380419921874,-0.086191259765625,0.26336218261718747,153,-75,10
28132129,-9.835380419921874,-0.047884033203124995,0.1580173095703125,152,-75,10
28132139,-9.782707983398437,-0.09576806640624999,0.239420166015625,153,-73,11
28132149,-9.854534033203125,-0.0718260498046875,0.19632453613281248,153,-75,10
28132159,-9.811438403320311,-0.0430956298828125,0.239420166015625,153,-75,10
28132169,-9.787496386718749,-0.11013327636718749,0.19632453613281248,152,-74,0
28132167,-9.787496386718749,-0.1149216796875,0.201112939453125,153,-75,11
28132177,-9.8449572265625,-0.105344873046875,0.19632453613281248,153,-74,11
28132187,-9.849745629882811,-0.0909796630859375,0.2346317626953125,152,-75,10
28132197,-9.8449572265625,-0.08140285644531249,0.1867477294921875,153,-75,10
28132207,-9.830592016601562,-0.047884033203124995,0.1771709228515625,153,-76,10
28132217,-9.82580361328125,-0.0718260498046875,0.229843359375,153,-75,10
28132227,-9.835380419921874,-0.09576806640624999,0.1580173095703125,153,-75,10
28132237,-9.725247143554688,-0.08140285644531249,0.143652099609375,152,-75,11
28132247,-9.797073193359374,-0.023942016601562498,0.21068974609375,153,-76,10
28132257,-9.835380419921874,-0.05746083984375,0.19153613281249998,153,-75,10
28132267,-9.821015209960937,-0.0718260498046875,0.15322890625,153,-76,9
28132277,-9.7683427734375,-0.0526724365234375,0.2059013427734375,153,-75,11
28132287,-9.854534033203125,-0.0909796630859375,0.181959326171875,153,-74,10
28132297,-9.859322436523437,-0.05746083984375,0.1771709228515625,153,-75,10
28132307,-9.811438403320311,-0.047884033203124995,0.19632453613281248,153,-75,10
28132317,-9.801861596679688,-0.09576806640624999,0.1771709228515625,153,-74,10
28132327,-9.840168823242188,-0.13407529296874998,0.1771709228515625,153,-75,11
28132337,-9.840168823242188,-0.08140285644531249,0.22026655273437498,153,-74,10
28132347,-9.787496386718749,-0.0383072265625,0.22026655273437498,152,-75,11
28132357,-9.792284790039062,-0.12449848632812499,0.2154781494140625,153,-75,10
28132367,-9.854534033203125,-0.1005564697265625,0.26336218261718747,153,-75,10
28132377,-9.816226806640625,-0.086191259765625,0.239420166015625,153,-76,10
28132387,-9.797073193359374,-0.023942016601562498,0.19153613281249998,153,-75,10
28132397,-9.787496386718749,-0.1005564697265625,0.2442085693359375,153,-75,11
28132407,-9.80665,-0.08140285644531249,0.19632453613281248,153,-75,11
28132417,-9.777919580078125,-0.0430956298828125,0.1867477294921875,153,-74,0
28132414,-9.777919580078125,-0.0430956298828125,0.1867477294921875,153,-75,10
28132424,-9.777919580078125,-0.0718260498046875,0.17238251953125,153,-74,11
28132434,-9.801861596679688,-0.1197100830078125,0.1867477294921875,152,-74,10
28132444,-9.782707983398437,-0.0909796630859375,0.201112939453125,153,-75,11
28132454,-9.80665,-0.06703764648437499,0.1580173095703125,153,-75,10
28132464,-9.82580361328125,-0.076614453125,0.1867477294921875,153,-76,10
28132474,-9.888052856445311,-0.028730419921875,0.22505495605468748,153,-74,11
28132484,-9.749189160156249,-0.086191259765625,0.17238251953125,153,-75,10
28132494,-9.821015209960937,-0.086191259765625,0.1771709228515625,152,-74,10
28132504,-9.907206469726562,-0.062249243164062495,0.19632453613281248,153,-74,11
28132514,-9.801861596679688,-0.0909796630859375,0.2059013427734375,153,-75,10
28132524,-9.792284790039062,-0.08140285644531249,0.22026655273437498,153,-75,10
28132534,-9.787496386718749,0.009576806640625,0.16280571289062498,153,-75,11
28132544,-9.797073193359374,-0.0526724365234375,0.1771709228515625,152,-75,10
28132554,-9.801861596679688,-0.076614453125,0.24899697265624998,153,-74,11
28132564,-9.797073193359374,-0.1197100830078125,0.1484405029296875,152,-75,10
28132574,-9.859322436523437,-0.062249243164062495,0.2059013427734375,153,-74,10
28132584,-9.797073193359374,-0.033518823242187495,0.19632453613281248,153,-74,10
28132594,-9.797073193359374,-0.1197100830078125,0.2154781494140625,152,-75,10
28132604,-9.849745629882811,-0.0718260498046875,0.201112939453125,153,-75,10
28132614,-9.854534033203125,-0.033518823242187495,0.22505495605468748,153,-74,10
28132624,-9.859322436523437,-0.09576806640624999,0.2154781494140625,153,-75,10
28132634,-9.859322436523437,-0.0526724365234375,0.2154781494140625,152,-75,11
28132644,-9.82580361328125,-0.0383072265625,0.239420166015625,153,-74,10
28132654,-9.792284790039062,-0.0526724365234375,0.2154781494140625,153,-75,11
28132664,-9.763554370117188,-0.047884033203124995,0.1867477294921875,152,-74,0
28132661,-9.763554370117188,-0.0526724365234375,0.1867477294921875,153,-74,11
28132671,-9.782707983398437,-0.0430956298828125,0.2537853759765625,152,-75,10
28132681,-9.830592016601562,-0.06703764648437499,0.201112939453125,152,-74,10
28132691,-9.801861596679688,-0.0143652099609375,0.201112939453125,153,-75,11
28132701,-9.80665,-0.09576806640624999,0.2346317626953125,152,-74,10
28132711,-9.892841259765625,-0.1005564697265625,0.2154781494140625,153,-74,11
28132721,-9.792284790039062,-0.0526724365234375,0.19632453613281248,153,-74,10
28132731,-9.801861596679688,-0.06703764648437499,0.181959326171875,153,-75,10
28132741,-9.797073193359374,-0.0909796630859375,0.239420166015625,153,-75,10
28132751,-9.787496386718749,-0.009576806640625,0.181959326171875,152,-75,10
28132761,-9.792284790039062,-0.1149216796875,0.201112939453125,153,-75,10
28132771,-9.82580361328125,-0.0718260498046875,0.239420166015625,153,-74,10
28132781,-9.821015209960937,-0.1197100830078125,0.201112939453125,152,-75,10
28132791,-9.782707983398437,-0.023942016601562498,0.2346317626953125,153,-75,10
28132801,-9.811438403320311,-0.1005564697265625,0.201112939453125,153,-75,10
28132811,-9.816226806640625,-0.028730419921875,0.22505495605468748,153,-75,10
28132821,-9.849745629882811,-0.0526724365234375,0.2059013427734375,152,-75,11
28132831,-9.816226806640625,-0.0383072265625,0.24899697265624998,153,-75,10
28132841,-9.86411083984375,-0.086191259765625,0.19153613281249998,153,-75,11
28132851,-9.797073193359374,-0.11013327636718749,0.201112939453125,152,-75,10
28132861,-9.763554370117188,-0.0430956298828125,0.201112939453125,153,-75,11
28132871,-9.80665,-0.1149216796875,0.239420166015625,153,-75,11
28132881,-9.811438403320311,-0.1292868896484375,0.239420166015625,153,-74,11
28132891,-9.801861596679688,-0.08140285644531249,0.258573779296875,153,-75,10
28132901,-9.797073193359374,-0.023942016601562498,0.1580173095703125,152,-74,11
28132911,-9.787496386718749,-0.023942016601562498,0.2537853759765625,152,-74,0
28132909,-9.787496386718749,-0.023942016601562498,0.258573779296875,152,-75,10
28132919,-9.792284790039062,-0.09576806640624999,0.19153613281249998,153,-74,10
28132929,-9.830592016601562,-0.047884033203124995,0.2154781494140625,153,-75,11
28132939,-9.811438403320311,-0.033518823242187495,0.2059013427734375,153,-74,11
28132949,-9.811438403320311,-0.1149216796875,0.1771709228515625,153,-75,11
28132959,-9.80665,-0.09576806640624999,0.15322890625,152,-75,10
28132969,-9.763554370117188,-0.023942016601562498,0.16759411621093748,152,-75,10
28132979,-9.80665,-0.086191259765625,0.22026655273437498,152,-75,11
28132989,-9.782707983398437,-0.08140285644531249,0.258573779296875,153,-75,11
28132999,-9.792284790039062,-0.1292868896484375,0.1867477294921875,153,-74,10
28133009,-9.801861596679688,-0.0526724365234375,0.22026655273437498,153,-75,10
28133019,-9.82580361328125,-0.01915361328125,0.2059013427734375,153,-74,10
28133029,-9.816226806640625,-0.076614453125,0.2154781494140625,152,-75,11
28133039,-9.80665,-0.0526724365234375,0.1867477294921875,153,-75,10
28133049,-9.859322436523437,-0.1197100830078125,0.19153613281249998,152,-74,11
28133059,-9.816226806640625,-0.076614453125,0.2154781494140625,152,-75,10
28133069,-9.821015209960937,-0.1149216796875,0.15322890625,153,-74,10
28133079,-9.840168823242188,-0.08140285644531249,0.201112939453125,153,-75,10
28133089,-9.787496386718749,-0.143652099609375,0.2059013427734375,153,-75,10
28133099,-9.82580361328125,-0.08140285644531249,0.19632453613281248,153,-75,11
28133109,-9.854534033203125,-0.11013327636718749,0.201112939453125,153,-75,11
28133119,-9.792284790039062,-0.1005564697265625,0.22505495605468748,153,-74,11
28133129,-9.878476049804688,-0.0909796630859375,0.1867477294921875,153,-75,10
28133139,-9.782707983398437,-0.0526724365234375,0.26336218261718747,152,-74,10
28133149,-9.821015209960937,-0.1005564697265625,0.21068974609375,153,-75,10
28133159,-9.835380419921874,-0.06703764648437499,0.2059013427734375,153,-74,0
